{"_runtime":543,"val/illicit_pr_auc":0.4777755892498903,"test/illicit_roc_auc":0.9507526826128241,"val/illicit_f1":0.4730897009961787,"val/licit_roc_auc":0.9473607548731403,"_wandb":{"runtime":543},"test/illicit_f1":0.47591660675722836,"test/illicit_recall":0.4622905027932958,"val/licit_pr_auc":0.9970462512599967,"train/illicit_precision":0.27069861797895267,"val/illicit_roc_auc":0.9474014213081707,"val/illicit_precision":0.4509183027232423,"train/licit_f1":0.9229535368652463,"val/loss":0.49100629517184907,"train/licit_precision":0.9996525364836693,"val/licit_recall":0.967709497206704,"checkpoint_best_metric":0.47777472959278866,"test/illicit_pr_auc":0.4967481741635004,"val/licit_precision":0.9730731780390982,"val/illicit_recall":0.4975541579315161,"train/illicit_pr_auc":0.6077214730726421,"test/licit_roc_auc":0.9506604508928311,"test/loss":0.4906635781087054,"test/licit_pr_auc":0.9972355735850076,"_timestamp":1.780950768052695e+09,"train/licit_pr_auc":0.9981452913313431,"num_params":1038209,"best_threshold":0.8807692527770996,"train/illicit_roc_auc":0.9657923757604898,"train/illicit_recall":0.9944108057755005,"val/licit_f1":0.9703839259032945,"train/loss":0.3678544051204946,"train/licit_recall":0.8571854205978746,"threshold_search_score":0.4730897009961787,"train/illicit_f1":0.42555311939372376,"checkpoint_epoch":51,"test/licit_recall":0.9743780723968419,"test/illicit_precision":0.49037037037037,"test/licit_precision":0.9714115987228039,"test/licit_f1":0.9728925742753338,"_step":71,"epoch":71,"train/licit_roc_auc":0.9657923757604897}