{"test/licit_f1":0.9746565828054885,"test/licit_precision":0.9740852717961375,"test/illicit_roc_auc":0.964881226396554,"test/licit_roc_auc":0.9645171786329255,"train/licit_roc_auc":0.9804457729373736,"val/licit_pr_auc":0.9976758571837299,"train/illicit_precision":0.31923877834335956,"train/illicit_f1":0.4835925520259194,"test/illicit_precision":0.5566611387506907,"val/illicit_recall":0.6027100271002707,"test/illicit_pr_auc":0.6343884896844624,"train/loss":19.754558455844286,"val/illicit_f1":0.5594968553454143,"train/licit_precision":0.9997891654465593,"train/illicit_recall":0.9967491421347299,"val/illicit_roc_auc":0.9613910998106121,"train/illicit_roc_auc":0.9803899162155123,"checkpoint_epoch":149,"val/illicit_pr_auc":0.6279790820427328,"num_params":1038209,"test/licit_pr_auc":0.9978670738963745,"train/licit_recall":0.8788275024195376,"val/licit_precision":0.9771579931442818,"_runtime":1398,"train/licit_f1":0.9354140525252417,"threshold_search_score":0.5594968553454143,"test/illicit_recall":0.5452084461288573,"test/loss":0.5144110638770731,"val/loss":0.48660679832666953,"val/licit_recall":0.9685559845559846,"_timestamp":1.7809531188880494e+09,"best_threshold":0.857692301273346,"test/licit_recall":0.9752285643686681,"_wandb":{"runtime":1398},"_step":150,"val/licit_roc_auc":0.9612196000878929,"test/illicit_f1":0.5508752735224756,"epoch":150,"train/illicit_pr_auc":0.7862306854113911,"train/licit_pr_auc":0.9988618741355255,"val/licit_f1":0.9728379740939699,"checkpoint_best_metric":0.6279793124206856,"val/illicit_precision":0.5220657276995303}