{"train/licit_f1":0.9387845303862421,"train/licit_recall":0.8846314035818409,"test/licit_f1":0.9728787561871873,"train/licit_pr_auc":0.9986857001375825,"val/licit_f1":0.9677782467984306,"test/illicit_roc_auc":0.9536348203639144,"checkpoint_best_metric":0.439507461306945,"val/illicit_recall":0.5639344262295063,"train/loss":0.3224432857786862,"val/licit_recall":0.9548799111481326,"test/licit_roc_auc":0.9536341376830721,"val/illicit_precision":0.34607645875251436,"train/illicit_roc_auc":0.9693625682680789,"val/licit_precision":0.9810298102981029,"_wandb":{"runtime":162},"epoch":79,"train/illicit_recall":0.9999999999999989,"test/illicit_recall":0.4688524590163919,"_timestamp":1.7809497939645777e+09,"_runtime":162,"train/licit_roc_auc":0.9693625682680789,"val/licit_pr_auc":0.9977219275140585,"test/licit_precision":0.9773077461829387,"val/illicit_f1":0.4289276807975326,"train/illicit_precision":0.2684859154929577,"test/illicit_pr_auc":0.39370538848264164,"val/illicit_roc_auc":0.9487818144989679,"train/illicit_pr_auc":0.5572506500535774,"threshold_search_score":0.4289276807975326,"num_params":1038209,"train/licit_precision":1,"test/illicit_f1":0.4237037037032071,"best_threshold":0.8807692527770996,"test/loss":0.6279577099303778,"checkpoint_epoch":59,"_step":79,"val/loss":0.5639715685321095,"val/licit_roc_auc":0.9488166360555597,"test/licit_pr_auc":0.9979795330926274,"val/illicit_pr_auc":0.43950746130694496,"test/licit_recall":0.9684897279289283,"test/illicit_precision":0.3864864864864854,"train/illicit_f1":0.42331714087405886}