{"train/loss":0.4382045750581145,"val/licit_precision":0.9830142507557218,"train/illicit_f1":0.32218309859127886,"train/illicit_precision":0.19202518363064006,"_timestamp":1.7809492959157798e+09,"best_threshold":0.857692301273346,"test/illicit_recall":0.5475409836065556,"val/licit_roc_auc":0.9500850055646213,"val/illicit_pr_auc":0.43933320646266055,"_wandb":{"runtime":171},"train/licit_pr_auc":0.9982124476575616,"test/licit_recall":0.9605774569683508,"val/licit_recall":0.9480771900596973,"test/illicit_roc_auc":0.9541322671375647,"epoch":83,"test/licit_roc_auc":0.9541320395772841,"val/illicit_f1":0.4318706697455011,"test/illicit_precision":0.370288248337028,"test/licit_f1":0.9704108820637265,"test/loss":0.6031558019853112,"_step":83,"val/illicit_roc_auc":0.9505556655582943,"val/illicit_precision":0.3333333333333327,"test/illicit_pr_auc":0.40027973653541127,"train/licit_roc_auc":0.9587876888980937,"checkpoint_epoch":63,"_runtime":171,"val/loss":0.5984005385500736,"train/licit_f1":0.9022048364148675,"train/licit_precision":1,"train/illicit_pr_auc":0.505051025402828,"threshold_search_score":0.4318706697455011,"train/licit_recall":0.8218334953028831,"test/illicit_f1":0.44179894179845924,"val/licit_f1":0.9652296819782986,"test/licit_precision":0.9804477189005383,"val/licit_pr_auc":0.9977073522517834,"num_params":1038209,"val/illicit_recall":0.6131147540983586,"test/licit_pr_auc":0.9980051043615428,"checkpoint_best_metric":0.43933320646266055,"train/illicit_roc_auc":0.9587876888980937,"train/illicit_recall":0.9999999999999989}