{"_timestamp":1.7809480206272688e+09,"train/illicit_f1":0.4167615577313939,"_runtime":145,"test/licit_pr_auc":0.9980453002159564,"checkpoint_epoch":38,"test/licit_f1":0.972152253008176,"_step":60,"test/loss":0.5548412457876476,"val/licit_roc_auc":0.9500121761652134,"train/licit_recall":0.8814845666157619,"train/illicit_pr_auc":0.5493966767038287,"threshold_search_score":0.42266824084959714,"test/licit_roc_auc":0.955074139139458,"test/illicit_pr_auc":0.4005527342651755,"val/illicit_pr_auc":0.4396906562480798,"epoch":60,"checkpoint_best_metric":0.43968990442179706,"val/illicit_roc_auc":0.950089102218338,"val/licit_pr_auc":0.9977478841862405,"train/licit_pr_auc":0.9986443424576528,"val/licit_precision":0.9819121447028423,"train/illicit_precision":0.2632336018411967,"test/illicit_recall":0.5377049180327851,"val/loss":0.526548588996754,"val/licit_recall":0.9496043315285296,"test/licit_recall":0.9643253747917823,"best_threshold":0.8807692527770996,"train/loss":0.32824726606787175,"test/illicit_precision":0.3895486935866974,"train/illicit_roc_auc":0.9684201608973391,"val/illicit_precision":0.3302583025830252,"num_params":1367553,"train/licit_f1":0.937009617039618,"val/illicit_recall":0.5868852459016374,"test/licit_precision":0.9801072234762979,"test/illicit_f1":0.45179063360832694,"train/illicit_recall":0.9999999999999989,"_wandb":{"runtime":145},"train/licit_roc_auc":0.9684201608973393,"train/licit_precision":1,"val/licit_f1":0.9654880372639505,"test/illicit_roc_auc":0.9550741391394582,"val/illicit_f1":0.42266824084959714}