{"test/licit_roc_auc":0.953768604295088,"val/illicit_f1":0.50152905198728,"train/licit_precision":0.9998809311186522,"train/illicit_recall":0.9975520195838421,"test/illicit_roc_auc":0.9573337213732875,"test/illicit_pr_auc":0.5191306918359003,"val/illicit_precision":0.42931937172774753,"val/licit_recall":0.9652090647941269,"test/licit_f1":0.9744820414361849,"val/illicit_recall":0.602941176470586,"train/licit_roc_auc":0.9768333159717703,"epoch":114,"test/licit_recall":0.9717613273771537,"val/licit_pr_auc":0.9981786117599962,"test/illicit_f1":0.45094664371722826,"val/licit_roc_auc":0.9594464641107002,"_step":114,"train/licit_pr_auc":0.9989800704150072,"checkpoint_epoch":94,"train/illicit_roc_auc":0.9768333159717701,"_timestamp":1.7809480926844752e+09,"num_params":1367553,"train/illicit_precision":0.28900709219858145,"test/loss":0.7889804396641089,"val/loss":0.5396793092489607,"test/licit_precision":0.9772180330498956,"_runtime":248,"train/licit_f1":0.9436188442841323,"val/licit_precision":0.982456140350877,"test/licit_pr_auc":0.997494439754695,"train/loss":0.2948689574816604,"test/illicit_recall":0.47985347985347804,"test/illicit_precision":0.4253246753246739,"best_threshold":0.857692301273346,"_wandb":{"runtime":248},"train/illicit_f1":0.4481715699749057,"threshold_search_score":0.50152905198728,"train/illicit_pr_auc":0.6807919447602919,"val/licit_f1":0.9737562389304288,"val/illicit_pr_auc":0.5535690587620151,"checkpoint_best_metric":0.5535690587620155,"train/licit_recall":0.8933510638297872,"val/illicit_roc_auc":0.9594326758791611}