{"test/licit_roc_auc":0.9637013969186369,"threshold_search_score":0.5528884199414679,"_step":128,"best_threshold":0.857692301273346,"val/licit_recall":0.9722625482625482,"train/illicit_precision":0.3142645719489982,"test/licit_pr_auc":0.9978268823680769,"train/illicit_recall":0.9971103485642043,"train/loss":6.290098506582706,"test/illicit_precision":0.5826086956521735,"val/licit_f1":0.9737814970064141,"val/licit_precision":0.9753051992315795,"train/licit_f1":0.933800165732321,"_runtime":1188,"val/licit_roc_auc":0.9606177103933202,"test/licit_recall":0.9792438843587843,"val/illicit_roc_auc":0.9608269621537914,"_timestamp":1.7809502096734993e+09,"val/illicit_pr_auc":0.6256093226314262,"train/illicit_pr_auc":0.7843322091940205,"val/loss":0.4649809280833886,"train/licit_precision":0.9998119748516364,"train/illicit_roc_auc":0.9800848565857514,"train/licit_roc_auc":0.9801271084703845,"_wandb":{"runtime":1188},"checkpoint_epoch":108,"val/illicit_recall":0.5680216802168019,"test/illicit_roc_auc":0.963794584918491,"epoch":128,"train/illicit_f1":0.47790521532099456,"num_params":1038209,"test/illicit_f1":0.5426670523570374,"val/licit_pr_auc":0.9976319443696604,"checkpoint_best_metric":0.6256092363694983,"train/licit_recall":0.8759652410271194,"test/licit_precision":0.9721276791463527,"train/licit_pr_auc":0.9988406388346939,"test/illicit_pr_auc":0.6326895226355816,"test/loss":0.4781233261476821,"test/illicit_recall":0.5078505684894421,"test/licit_f1":0.9756728061666975,"val/illicit_precision":0.5385405960945526,"val/illicit_f1":0.5528884199414679}