{"test/illicit_precision":0.5734149054505002,"train/licit_f1":0.9364346007724467,"_timestamp":1.780951669334123e+09,"val/loss":0.5044920036557263,"train/licit_recall":0.8806395815744497,"test/licit_precision":0.974834232845027,"val/licit_precision":0.9779602285143446,"train/loss":4.740155398418942,"train/illicit_recall":0.9965685389199926,"val/illicit_recall":0.6173441734417341,"test/illicit_roc_auc":0.9648198117838194,"test/illicit_recall":0.5582024905251757,"_wandb":{"runtime":1408},"train/licit_pr_auc":0.9989180741748278,"val/licit_pr_auc":0.997651933145026,"test/licit_roc_auc":0.964676371663811,"train/illicit_roc_auc":0.9813425104990796,"threshold_search_score":0.564980158729662,"best_threshold":0.8807692527770996,"_runtime":1408,"train/illicit_pr_auc":0.7941214114647454,"test/loss":0.5278090421244608,"val/illicit_roc_auc":0.9619531950068536,"train/illicit_f1":0.48728364535462876,"val/illicit_precision":0.5208047553726564,"train/licit_roc_auc":0.9814018156143858,"checkpoint_best_metric":0.6333898944132867,"val/illicit_f1":0.564980158729662,"train/illicit_precision":0.3224826135234644,"train/licit_precision":0.9997779128483262,"num_params":1038209,"test/licit_recall":0.9763096120583148,"checkpoint_epoch":149,"test/licit_pr_auc":0.9978767038541247,"test/illicit_pr_auc":0.6373684421769248,"val/illicit_pr_auc":0.633390179117503,"_step":150,"epoch":150,"val/licit_f1":0.9727673580916624,"val/licit_recall":0.9676293436293436,"test/illicit_f1":0.5657064471874285,"val/licit_roc_auc":0.9615309916187966,"test/licit_f1":0.9755713646389346}