{"test/licit_pr_auc":0.9971767924871339,"val/illicit_roc_auc":0.9487849389743209,"train/licit_f1":0.9237849065924324,"_wandb":{"runtime":949},"test/illicit_roc_auc":0.9509147935465831,"test/licit_precision":0.975249952839087,"_timestamp":1.7809541437079031e+09,"test/licit_roc_auc":0.9506836876168728,"threshold_search_score":0.47637906647759426,"train/loss":0.3530551458562536,"val/illicit_f1":0.47637906647759426,"test/loss":0.645123397085087,"val/illicit_precision":0.4001901140684409,"test/illicit_recall":0.5418994413407818,"val/licit_f1":0.9650932543793442,"test/illicit_pr_auc":0.4996922244091206,"checkpoint_epoch":102,"val/illicit_recall":0.5883997204751918,"train/illicit_precision":0.273011418000893,"epoch":122,"val/licit_roc_auc":0.9487806055590041,"train/licit_precision":0.9997975971894923,"train/illicit_f1":0.42862150117636855,"checkpoint_best_metric":0.4858979839836424,"train/illicit_recall":0.9967396367023752,"test/licit_f1":0.9689075472753962,"test/licit_recall":0.9626471026366751,"train/illicit_roc_auc":0.9683724164004281,"train/licit_recall":0.8585137550898798,"train/illicit_pr_auc":0.6304032471216772,"test/illicit_f1":0.4833385238238594,"val/licit_recall":0.9529981378026071,"train/licit_pr_auc":0.9982876554697191,"val/licit_pr_auc":0.9971201008866173,"num_params":1038209,"best_threshold":0.857692301273346,"_runtime":949,"val/licit_precision":0.9774993314741949,"train/licit_roc_auc":0.968372416400428,"val/illicit_pr_auc":0.48589783280943327,"val/loss":0.5367603562868433,"_step":122,"test/illicit_precision":0.4362001124227092}