{"val/licit_f1":0.9780298793635647,"checkpoint_best_metric":0.546551921655819,"val/licit_precision":0.9792033274676051,"train/loss":0.27958640966198095,"train/licit_f1":0.9451566751755331,"test/illicit_precision":0.4817813765182167,"test/illicit_f1":0.45769230769180713,"_timestamp":1.7809491416850276e+09,"train/illicit_f1":0.45497630331718353,"val/licit_recall":0.9768592403447174,"val/loss":0.5578796884159533,"test/licit_roc_auc":0.9572659312608259,"train/illicit_roc_auc":0.9790031315919685,"val/illicit_pr_auc":0.5465519216558189,"train/licit_recall":0.8960638297872341,"threshold_search_score":0.5080500894449367,"test/licit_f1":0.977551345326677,"test/illicit_pr_auc":0.5122182976160634,"val/illicit_precision":0.4947735191637613,"train/licit_pr_auc":0.9990770614504889,"train/illicit_precision":0.29458483754512627,"val/licit_pr_auc":0.9981013983387073,"checkpoint_epoch":78,"val/illicit_recall":0.5220588235294098,"test/loss":0.6589506055930214,"val/illicit_roc_auc":0.957751685097914,"train/licit_precision":0.9999406422508459,"epoch":98,"train/illicit_pr_auc":0.7008893472306983,"test/illicit_recall":0.43589743589743424,"train/licit_roc_auc":0.9790031315919685,"train/illicit_recall":0.9987760097919204,"test/licit_precision":0.9755322529393071,"best_threshold":0.8807692527770996,"test/illicit_roc_auc":0.9580928537533515,"num_params":1038209,"_step":98,"test/licit_recall":0.9795788130185066,"test/licit_pr_auc":0.9979582922322396,"_runtime":179,"_wandb":{"runtime":179},"val/licit_roc_auc":0.9577516850979141,"val/illicit_f1":0.5080500894449367}