{"_timestamp":1.7809480078611977e+09,"test/licit_f1":0.9756603512648849,"val/licit_pr_auc":0.9976628562675594,"train/licit_recall":0.8739414133000138,"test/illicit_roc_auc":0.9494989122618582,"val/illicit_roc_auc":0.9487417583292936,"test/illicit_recall":0.3344262295081956,"train/licit_pr_auc":0.9985970102705827,"val/illicit_pr_auc":0.44176632617087963,"_step":60,"val/illicit_precision":0.40804597701149303,"threshold_search_score":0.4349157733532527,"val/licit_recall":0.9714008052200471,"test/loss":0.6039998056822221,"val/illicit_recall":0.4655737704918017,"train/licit_roc_auc":0.9673316901200091,"_wandb":{"runtime":131},"checkpoint_epoch":39,"test/licit_recall":0.979317046085508,"train/illicit_f1":0.4018445322789936,"num_params":4140801,"val/licit_roc_auc":0.9493753741041414,"checkpoint_best_metric":0.44176632617087963,"train/licit_f1":0.9327307749291214,"val/loss":0.546804676283911,"train/illicit_roc_auc":0.9673316901200092,"val/licit_f1":0.9743089883724025,"train/illicit_recall":0.9999999999999989,"test/licit_pr_auc":0.9977755483879072,"epoch":60,"val/illicit_f1":0.4349157733532527,"val/licit_precision":0.9772346368715082,"test/licit_roc_auc":0.9495025532263497,"best_threshold":0.9038461446762085,"test/illicit_f1":0.3669064748196473,"train/illicit_precision":0.25144270403957125,"train/licit_precision":1,"train/illicit_pr_auc":0.5441477244386037,"train/loss":0.34784632767205803,"test/licit_precision":0.9720308624965553,"test/illicit_pr_auc":0.3754951188733969,"_runtime":131,"test/illicit_precision":0.40637450199203023}