{"val/licit_recall":0.9640427599611272,"_timestamp":1.7809494448802857e+09,"val/licit_precision":0.9780281690140844,"test/licit_pr_auc":0.9979482599544217,"test/illicit_precision":0.4257425742574243,"train/illicit_recall":0.9989071038251355,"train/licit_precision":0.9999472295514512,"threshold_search_score":0.4179523141650071,"num_params":1038209,"checkpoint_best_metric":0.43372809903924486,"test/licit_roc_auc":0.9530636440593113,"train/illicit_roc_auc":0.9673822408038343,"test/licit_recall":0.9758467518045529,"test/licit_precision":0.9755759089647514,"test/illicit_roc_auc":0.9530636440593113,"train/loss":0.3394266403424255,"_wandb":{"runtime":130},"val/licit_f1":0.9709851080187966,"val/illicit_recall":0.4885245901639328,"val/loss":0.5590425347418116,"train/illicit_f1":0.4072176431273206,"val/illicit_pr_auc":0.43372806362005406,"val/illicit_precision":0.36519607843137164,"_step":63,"checkpoint_epoch":43,"train/licit_pr_auc":0.99859891381579,"test/loss":0.568055995084511,"train/illicit_precision":0.25573587017347504,"train/licit_f1":0.9343918735664046,"train/licit_roc_auc":0.9673822408038343,"val/illicit_f1":0.4179523141650071,"epoch":63,"val/licit_pr_auc":0.9975589580801622,"best_threshold":0.8807692527770996,"test/licit_f1":0.9757113115886741,"val/licit_roc_auc":0.9473309163076405,"test/illicit_f1":0.4243421052626565,"test/illicit_pr_auc":0.3954869339992976,"train/illicit_pr_auc":0.5390385370745558,"train/licit_recall":0.8769031422092647,"_runtime":130,"test/illicit_recall":0.4229508196721297,"val/illicit_roc_auc":0.9476352066420413}