{"val/licit_roc_auc":0.9501123165893992,"train/loss":0.32462706936440955,"test/illicit_precision":0.4834710743801633,"checkpoint_epoch":53,"_runtime":149,"val/licit_precision":0.97536673124827,"checkpoint_best_metric":0.44390878479710494,"train/illicit_precision":0.2658522396742291,"_step":73,"train/licit_pr_auc":0.9986791315773643,"test/illicit_recall":0.3836065573770479,"test/illicit_pr_auc":0.40692526839706133,"test/licit_roc_auc":0.9559818770992435,"train/licit_roc_auc":0.9692265441918934,"train/illicit_pr_auc":0.5612388145494928,"train/illicit_roc_auc":0.9692265441918935,"test/illicit_roc_auc":0.9559818770992436,"test/licit_f1":0.9783705341712917,"train/illicit_recall":0.9989071038251355,"val/illicit_precision":0.4503546099290764,"_timestamp":1.7809496130963156e+09,"val/illicit_recall":0.4163934426229494,"train/licit_precision":0.9999476055747668,"val/loss":0.49925347024224576,"epoch":73,"test/illicit_f1":0.4277879341859767,"val/illicit_f1":0.4327086882448144,"val/illicit_roc_auc":0.9502374921196315,"train/licit_recall":0.8831968161414225,"val/licit_recall":0.9784811883937247,"best_threshold":0.9038461446762085,"val/illicit_pr_auc":0.443908784797105,"train/licit_f1":0.9379530654866625,"num_params":1038209,"threshold_search_score":0.4327086882448144,"test/licit_recall":0.9826485285952248,"val/licit_f1":0.9769214775793738,"val/licit_pr_auc":0.9976635924839667,"test/licit_precision":0.9741296270813264,"train/illicit_f1":0.41994027107708554,"test/licit_pr_auc":0.9980894497321806,"test/loss":0.48041342259771036,"_wandb":{"runtime":149}}