{"val/licit_precision":0.9841632653061223,"_timestamp":1.7809495586265514e+09,"train/licit_precision":0.9999411279877546,"threshold_search_score":0.5109489051090087,"val/illicit_recall":0.6433823529411741,"val/illicit_roc_auc":0.959264283434408,"checkpoint_epoch":99,"train/licit_roc_auc":0.981163116226985,"train/illicit_precision":0.31014823261117436,"_wandb":{"runtime":217},"test/illicit_precision":0.414565826330531,"train/illicit_pr_auc":0.726204008728705,"train/illicit_f1":0.47331786542887244,"val/illicit_precision":0.42372881355932096,"val/illicit_pr_auc":0.5556548343582731,"test/illicit_f1":0.46984126984077723,"train/licit_pr_auc":0.9991735325986402,"test/illicit_roc_auc":0.9576884506686677,"test/loss":0.7521637097283562,"_step":119,"val/licit_roc_auc":0.9592551890689247,"best_threshold":0.857692301273346,"test/licit_precision":0.9797865459249675,"test/illicit_pr_auc":0.5176861950482995,"train/licit_recall":0.9034574468085106,"checkpoint_best_metric":0.5556548343582732,"test/licit_recall":0.9666560306317803,"train/loss":0.2622064364705725,"_runtime":217,"train/illicit_recall":0.9987760097919204,"num_params":1038209,"test/licit_roc_auc":0.9548959071135203,"val/licit_pr_auc":0.9981682165731467,"test/licit_f1":0.9731769996782662,"val/licit_f1":0.9729642482441937,"train/illicit_roc_auc":0.981163116226985,"test/illicit_recall":0.5421245421245401,"val/illicit_f1":0.5109489051090087,"val/licit_recall":0.962017235876157,"train/licit_f1":0.9492538981719709,"val/loss":0.5623983978659927,"epoch":119,"test/licit_pr_auc":0.9976345359156097}