{"test/licit_precision":0.9798381371574612,"val/licit_recall":0.9494655004859085,"test/licit_roc_auc":0.9539119887858294,"test/illicit_pr_auc":0.3996902950062258,"_step":70,"test/illicit_f1":0.4228274967569786,"val/loss":0.5474121001453303,"val/illicit_recall":0.5967213114754079,"checkpoint_best_metric":0.4412727783530772,"train/illicit_f1":0.38606124603981473,"val/illicit_f1":0.427732079905532,"val/licit_roc_auc":0.949828509523582,"val/licit_pr_auc":0.9976459193426184,"train/illicit_recall":0.9989071038251355,"test/illicit_roc_auc":0.9539119887858294,"test/illicit_precision":0.34978540772532113,"epoch":70,"val/licit_precision":0.9823326630278655,"val/licit_f1":0.9656194846447524,"test/licit_f1":0.9687653541091369,"test/licit_pr_auc":0.9979914816650202,"threshold_search_score":0.427732079905532,"train/licit_precision":0.9999465355004277,"_timestamp":1.7809491063467715e+09,"train/illicit_precision":0.23926701570680622,"_runtime":144,"best_threshold":0.857692301273346,"_wandb":{"runtime":144},"test/loss":0.5312707689999423,"test/licit_recall":0.957940033314825,"checkpoint_epoch":50,"train/illicit_pr_auc":0.5254278830048229,"num_params":1038209,"train/illicit_roc_auc":0.965822427257212,"val/illicit_roc_auc":0.9500772674409342,"train/licit_pr_auc":0.9985306699204712,"train/licit_roc_auc":0.9658224272572119,"val/illicit_pr_auc":0.4412727783530772,"train/licit_recall":0.865518996714332,"train/licit_f1":0.9278892664892204,"train/loss":0.3646721942791865,"val/illicit_precision":0.3333333333333327,"test/illicit_recall":0.534426229508195}