{"test/illicit_precision":0.6055944055944052,"val/licit_roc_auc":0.960486005168932,"val/licit_pr_auc":0.9976764585067948,"train/licit_roc_auc":0.9798652899651127,"_wandb":{"runtime":1055},"train/illicit_recall":0.9958461260610437,"test/licit_roc_auc":0.9640074080822667,"val/illicit_precision":0.5771771771771769,"threshold_search_score":0.5475783475778485,"val/illicit_recall":0.5208672086720865,"test/illicit_roc_auc":0.9640074080822667,"val/loss":0.4544717710105945,"test/licit_pr_auc":0.9979042455783433,"train/licit_pr_auc":0.9988274994799138,"best_threshold":0.8807692527770996,"test/licit_precision":0.9700850791327418,"train/licit_precision":0.9997307201479868,"checkpoint_epoch":93,"num_params":1038209,"val/illicit_pr_auc":0.621084642685821,"val/illicit_roc_auc":0.9604854610708269,"val/licit_precision":0.972845953002611,"train/illicit_pr_auc":0.7817564870109098,"train/licit_recall":0.8791672672610835,"train/loss":48.812483381716675,"test/illicit_pr_auc":0.6270346665342672,"test/licit_f1":0.9762924089669538,"test/loss":0.44223651942363684,"epoch":113,"train/illicit_precision":0.31965217391304346,"_runtime":1055,"val/illicit_f1":0.5475783475778485,"test/illicit_recall":0.46886843530048705,"train/licit_f1":0.9355808895628281,"test/licit_recall":0.9825796886582654,"val/licit_recall":0.9782548262548263,"train/illicit_roc_auc":0.97981072092859,"_timestamp":1.7809542251081455e+09,"_step":113,"checkpoint_best_metric":0.6210848881102828,"val/licit_f1":0.9755428923451029,"test/illicit_f1":0.528532194079459,"train/illicit_f1":0.4839601527182874}