{"val/licit_precision":0.9796278472890598,"val/licit_f1":0.9771199999994998,"val/illicit_pr_auc":0.5449194965485599,"test/illicit_roc_auc":0.9570587623395537,"train/illicit_pr_auc":0.7017884225928174,"train/licit_precision":0.9999408633944411,"val/illicit_f1":0.5034722222217219,"val/licit_roc_auc":0.960078669195096,"train/illicit_roc_auc":0.9792288536159796,"test/licit_recall":0.9779834077855774,"threshold_search_score":0.5034722222217219,"train/illicit_recall":0.9987760097919204,"test/licit_pr_auc":0.997885939752132,"test/illicit_recall":0.42490842490842334,"test/illicit_precision":0.45669291338582496,"train/illicit_f1":0.46311010215628373,"val/loss":0.4788173358213942,"num_params":1038209,"val/illicit_precision":0.4769736842105247,"test/illicit_f1":0.4402277039843187,"train/licit_recall":0.8994148936170213,"val/licit_pr_auc":0.9982147726024981,"train/loss":0.2750253107209037,"train/licit_f1":0.9470176421165555,"_step":90,"test/licit_f1":0.9765033851050354,"checkpoint_epoch":70,"epoch":90,"_wandb":{"runtime":165},"test/loss":0.6264986021780509,"test/licit_precision":0.9750278352155239,"_runtime":165,"checkpoint_best_metric":0.5449194965485598,"train/licit_roc_auc":0.9792288536159797,"best_threshold":0.8807692527770996,"test/illicit_pr_auc":0.5143136371351235,"val/illicit_roc_auc":0.9600783758284673,"val/licit_recall":0.9746249601021384,"val/illicit_recall":0.5330882352941156,"_timestamp":1.7809493240023243e+09,"train/licit_pr_auc":0.9990876600873284,"test/licit_roc_auc":0.9562528781577919,"train/illicit_precision":0.301440709272257}