{"num_params":1038209,"_runtime":1135,"val/licit_roc_auc":0.948814531125764,"test/licit_precision":0.9709903301100367,"test/illicit_recall":0.453212290502793,"train/licit_roc_auc":0.9682629944209362,"checkpoint_best_metric":0.4863085764014389,"_step":149,"_timestamp":1.7809501813969736e+09,"checkpoint_epoch":129,"train/licit_recall":0.8586503128413944,"val/loss":0.571835329063601,"test/licit_pr_auc":0.9972161536249815,"train/illicit_pr_auc":0.6315515555922333,"train/illicit_roc_auc":0.9681945854461227,"val/illicit_roc_auc":0.9487781330397542,"train/licit_f1":0.9238701404513798,"val/licit_f1":0.9714370944882762,"val/illicit_precision":0.4662207357859529,"val/illicit_recall":0.4870719776380151,"best_threshold":0.8807692527770996,"test/illicit_pr_auc":0.5037352438414927,"train/licit_pr_auc":0.9982719273183227,"val/illicit_pr_auc":0.486307929174919,"train/illicit_recall":0.9969725197950626,"test/illicit_roc_auc":0.9516632709235061,"train/licit_precision":0.9998120817010943,"test/illicit_f1":0.47633027522885873,"train/loss":0.9548421417644275,"test/illicit_precision":0.5019334880123739,"train/illicit_precision":0.2732495053296738,"test/licit_roc_auc":0.9514787684739109,"val/illicit_f1":0.4764183185230817,"train/illicit_f1":0.42893642603042215,"val/licit_precision":0.9725976256253267,"threshold_search_score":0.4764183185230817,"_wandb":{"runtime":1135},"val/licit_recall":0.9702793296089386,"test/licit_recall":0.9760166840458812,"test/loss":0.6612854901811321,"epoch":149,"test/licit_f1":0.9734970191106193,"val/licit_pr_auc":0.9971178388604579}