{"val/licit_recall":0.9803702521544844,"val/illicit_f1":0.5233644859808064,"best_threshold":0.9038461446762085,"_wandb":{"runtime":231},"num_params":4140801,"checkpoint_epoch":94,"threshold_search_score":0.5233644859808064,"epoch":114,"checkpoint_best_metric":0.564929102755191,"train/loss":0.6560284704943768,"train/illicit_precision":0.27258506061791155,"train/illicit_f1":0.41315945465286336,"_step":114,"train/illicit_pr_auc":0.5411529343852074,"test/illicit_f1":0.4223602484467117,"val/loss":0.5869972493833414,"train/licit_precision":0.9929660023446659,"train/licit_roc_auc":0.9528666436625953,"val/illicit_precision":0.5323193916349789,"train/licit_f1":0.9447852760731208,"train/illicit_recall":0.8531211750305987,"train/illicit_roc_auc":0.9528666436625954,"val/licit_roc_auc":0.9597832490002065,"test/licit_f1":0.9778553853475433,"test/illicit_precision":0.48571428571428343,"test/illicit_roc_auc":0.9575522860462234,"test/licit_pr_auc":0.9976471586509518,"val/illicit_recall":0.5147058823529392,"train/licit_recall":0.9010638297872341,"test/licit_precision":0.9729900489654082,"test/illicit_recall":0.37362637362637224,"test/loss":0.8020482123059848,"_runtime":231,"val/licit_f1":0.9796666932456526,"val/licit_pr_auc":0.9981942968527807,"test/licit_recall":0.9827696234843649,"test/illicit_pr_auc":0.5102452571956753,"_timestamp":1.7809480767729535e+09,"val/licit_precision":0.9789641434262947,"test/licit_roc_auc":0.9547302304162546,"train/licit_pr_auc":0.9978530163621856,"val/illicit_roc_auc":0.9597870627663768,"val/illicit_pr_auc":0.564929102755191}