{"threshold_search_score":0.5537275064262361,"_runtime":1412,"train/licit_f1":0.9356015779087724,"train/licit_pr_auc":0.998921000047193,"checkpoint_best_metric":0.6262733288471463,"val/licit_precision":0.9761305361305361,"test/illicit_pr_auc":0.6325083513438234,"val/licit_roc_auc":0.960918805913928,"_step":150,"train/illicit_pr_auc":0.7927798033786755,"test/illicit_roc_auc":0.9640476515854787,"test/licit_precision":0.9740844722796409,"val/illicit_pr_auc":0.6262737341538013,"val/licit_pr_auc":0.9976606971562764,"val/licit_f1":0.9731061192868741,"num_params":1038209,"train/licit_precision":0.9998711853291801,"train/licit_roc_auc":0.98132351969711,"test/licit_pr_auc":0.9977925258779974,"epoch":150,"train/licit_recall":0.8790951959310587,"val/illicit_roc_auc":0.9612275941446673,"val/licit_recall":0.9701003861003861,"best_threshold":0.857692301273346,"test/illicit_precision":0.5563535911602208,"_timestamp":1.7809556929920883e+09,"train/illicit_recall":0.9980133646378904,"test/illicit_f1":0.5507246376806592,"train/illicit_f1":0.48460931333822743,"test/loss":0.5453837061293744,"val/illicit_f1":0.5537275064262361,"val/loss":0.5005381338102367,"test/licit_recall":0.975197677291821,"test/licit_roc_auc":0.9636116371000248,"checkpoint_epoch":149,"test/licit_f1":0.9746407569181126,"train/loss":0.2821492062667729,"val/illicit_recall":0.5837398373983737,"test/illicit_recall":0.5452084461288573,"train/illicit_roc_auc":0.9813235196971098,"_wandb":{"runtime":1412},"train/illicit_precision":0.31999536742139095,"val/illicit_precision":0.526650366748166}