{"train/licit_f1":0.9246426331028221,"val/illicit_precision":0.45804416403785464,"val/loss":0.6002583399850759,"epoch":150,"train/licit_recall":0.8600283046975866,"val/licit_roc_auc":0.9491137840345527,"test/licit_precision":0.9717713479181369,"train/licit_roc_auc":0.9682147580275513,"_runtime":1146,"val/licit_pr_auc":0.9971454082781052,"test/licit_f1":0.9730543933049393,"test/licit_recall":0.9743408312230002,"checkpoint_best_metric":0.49288419844984954,"test/licit_pr_auc":0.9971784473146632,"val/illicit_pr_auc":0.49288440039860704,"test/illicit_recall":0.4692737430167595,"threshold_search_score":0.4814323607422066,"_wandb":{"runtime":1146},"train/licit_precision":0.9997546685138684,"test/loss":0.676058953342133,"num_params":1038209,"_timestamp":1.7809531513118546e+09,"train/illicit_precision":0.2750128600823045,"val/illicit_roc_auc":0.9490216501593476,"test/illicit_pr_auc":0.504740805741532,"test/licit_roc_auc":0.9509431275262623,"test/illicit_f1":0.48120300751829703,"test/illicit_roc_auc":0.9514413712616312,"best_threshold":0.8807692527770996,"val/licit_recall":0.9680074487895717,"val/illicit_f1":0.4814323607422066,"train/illicit_f1":0.43101884510698724,"checkpoint_epoch":150,"train/illicit_pr_auc":0.6300595707319954,"train/illicit_recall":0.9960409874243128,"val/licit_f1":0.9707914690167935,"_step":150,"train/illicit_roc_auc":0.9682147580275513,"test/illicit_precision":0.4937545922116088,"val/illicit_recall":0.5073375262054504,"train/licit_pr_auc":0.9982789421567037,"train/loss":0.352132769416437,"val/licit_precision":0.9735915492957746}