{"test/licit_roc_auc":0.9556784153944332,"epoch":140,"train/loss":0.25798452015486295,"num_params":1038209,"val/licit_f1":0.9748574182660272,"test/licit_f1":0.975367882277171,"test/illicit_roc_auc":0.9587952995738573,"_wandb":{"runtime":258},"test/licit_pr_auc":0.9976934788933096,"val/illicit_roc_auc":0.9595388745986744,"val/illicit_pr_auc":0.5595236533113453,"test/loss":0.8185779159990286,"train/illicit_recall":0.9999999999999988,"test/licit_recall":0.972878111040204,"checkpoint_best_metric":0.5595236533113453,"val/licit_precision":0.9814006145883873,"val/licit_roc_auc":0.959536234299018,"val/illicit_precision":0.4422535211267593,"threshold_search_score":0.5007974481653762,"train/licit_recall":0.9021808510638298,"val/licit_recall":0.9684008937120969,"test/illicit_f1":0.4671280276811608,"checkpoint_epoch":120,"train/licit_precision":1,"test/licit_precision":0.9778704297626682,"val/illicit_recall":0.577205882352939,"train/illicit_roc_auc":0.9820414919659366,"best_threshold":0.8807692527770996,"_step":140,"test/illicit_recall":0.49450549450549264,"train/licit_roc_auc":0.9820414919659366,"train/illicit_precision":0.30760542168674687,"train/licit_f1":0.9485752635547711,"train/illicit_pr_auc":0.7389832995743326,"val/licit_pr_auc":0.9981868837797199,"_timestamp":1.7809498338683193e+09,"train/licit_pr_auc":0.9992117994323987,"val/illicit_f1":0.5007974481653762,"val/loss":0.5602597061529843,"_runtime":258,"test/illicit_precision":0.4426229508196706,"train/illicit_f1":0.4704866109987761,"test/illicit_pr_auc":0.5228502154440695}