{"test/licit_recall":0.9679323548181237,"test/licit_pr_auc":0.9979186266822156,"epoch":101,"_wandb":{"runtime":187},"train/licit_roc_auc":0.9776912159170812,"val/licit_roc_auc":0.9592050233754529,"checkpoint_best_metric":0.5409008177451865,"train/licit_recall":0.9009574468085106,"train/illicit_recall":0.9999999999999988,"val/illicit_roc_auc":0.9592050233754529,"val/licit_recall":0.9597829556335779,"val/licit_f1":0.9714101114516078,"threshold_search_score":0.48991354466810977,"test/illicit_precision":0.41228070175438475,"test/licit_f1":0.9732894842378892,"num_params":1038209,"train/illicit_pr_auc":0.6865053566824325,"val/illicit_recall":0.6249999999999977,"train/licit_f1":0.9478985953322004,"val/loss":0.4722412455725575,"train/licit_precision":1,"train/loss":0.28203232383797305,"_step":101,"test/loss":0.6882088581910831,"val/illicit_precision":0.4028436018957336,"checkpoint_epoch":81,"train/illicit_f1":0.46739130434746756,"val/illicit_pr_auc":0.5409008177451865,"val/licit_pr_auc":0.9981773261029945,"train/illicit_roc_auc":0.9776912159170812,"val/illicit_f1":0.48991354466810977,"test/illicit_f1":0.45853658536535846,"_timestamp":1.780950038205754e+09,"train/illicit_precision":0.3049645390070921,"best_threshold":0.8346153497695923,"test/licit_precision":0.9787062429424099,"_runtime":187,"test/illicit_pr_auc":0.5145145148357185,"val/licit_precision":0.9833224329627206,"test/licit_roc_auc":0.9567563366223226,"train/licit_pr_auc":0.9990193186815486,"test/illicit_roc_auc":0.9577690975265959,"test/illicit_recall":0.5164835164835145}