{"best_threshold":0.9038461446762085,"_wandb":{"runtime":1151},"val/loss":0.5559513619312711,"val/illicit_f1":0.4959888385066501,"num_params":1038209,"_runtime":1151,"val/licit_precision":0.9731793630098715,"test/illicit_f1":0.49016641452295245,"test/illicit_recall":0.4525139664804466,"test/loss":0.6510439106875541,"test/illicit_precision":0.5346534653465342,"train/illicit_precision":0.2736162597469001,"train/loss":0.34490415577551514,"val/licit_f1":0.9730887419680259,"test/licit_f1":0.9750018544613352,"test/licit_roc_auc":0.9533289812479248,"checkpoint_best_metric":0.505729772604554,"test/illicit_pr_auc":0.5158633719917181,"val/licit_roc_auc":0.9516189275252556,"test/licit_precision":0.9710401891252955,"val/licit_recall":0.972998137802607,"train/illicit_pr_auc":0.6470114995951095,"train/licit_recall":0.8589110140033767,"train/licit_roc_auc":0.9705165934002749,"train/licit_f1":0.9240210481324158,"val/licit_pr_auc":0.9973080086070398,"val/illicit_roc_auc":0.9514519023432975,"train/illicit_f1":0.4293881644931424,"test/illicit_roc_auc":0.9535406603921184,"epoch":150,"train/illicit_recall":0.9969725197950626,"test/licit_pr_auc":0.9973073722303555,"train/licit_pr_auc":0.9984058511759383,"_timestamp":1.7809519617336643e+09,"_step":150,"train/licit_precision":0.9998121387283238,"threshold_search_score":0.4959888385066501,"train/illicit_roc_auc":0.9705165934002749,"val/illicit_recall":0.49685534591194935,"test/licit_recall":0.9789959779532251,"checkpoint_epoch":150,"val/illicit_pr_auc":0.5057312378816092,"val/illicit_precision":0.4951253481894147}